location_name,peak_bed_day_mean,peak_bed_day_lower,peak_bed_day_upper,peak_icu_bed_day_mean,peak_icu_bed_day_lower,peak_icu_bed_day_upper,peak_vent_day_mean,peak_vent_day_lower,peak_vent_day_upper,all_bed_capacity,icu_bed_capacity,all_bed_usage,icu_bed_usage,available_all_nbr,available_icu_nbr,travel_limit_start_date,travel_limit_end_date,stay_home_start_date,stay_home_end_date,educational_fac_start_date,educational_fac_end_date,any_gathering_restrict_start_date,any_gathering_restrict_end_date,any_business_start_date,any_business_end_date,all_non-ess_business_start_date,all_non-ess_business_end_date
Abruzzo,3/30/20,3/29/20,3/31/20,3/30/20,3/29/20,3/31/20,3/30/20,3/29/20,3/30/20,4270,153,3322,112,948,41,3/22/20,5/4/20,3/11/20,,3/5/20,,3/11/20,,3/11/20,,3/11/20,4/14/20
Alabama,5/12/20,5/6/20,6/13/20,5/12/20,5/11/20,6/14/20,5/12/20,5/10/20,6/12/20,17537,1525,11793,1050,5744,475,,,4/4/20,4/30/20,3/19/20,,3/19/20,,3/19/20,,3/28/20,4/30/20
Alaska,4/1/20,4/1/20,4/1/20,4/4/20,4/4/20,4/4/20,4/4/20,4/4/20,4/4/20,2034,169,1351,115,683,54,3/28/20,4/24/20,3/28/20,4/24/20,3/16/20,,3/24/20,,3/17/20,,3/28/20,4/24/20
Alberta,5/4/20,5/2/20,6/4/20,5/4/20,5/2/20,6/6/20,5/4/20,5/2/20,6/5/20,,,,,,,,,,,3/16/20,,3/12/20,,3/18/20,,,
Amazonas,5/22/20,5/6/20,5/29/20,5/23/20,5/8/20,5/31/20,5/22/20,5/8/20,5/29/20,4747,276,3721,236,1026,40,,,,,3/16/20,,3/31/20,,3/19/20,,3/24/20,
Andalucia,4/6/20,4/5/20,4/7/20,4/6/20,4/6/20,4/7/20,4/6/20,4/6/20,4/6/20,,,,,,,,,3/15/20,,3/14/20,,3/15/20,,3/15/20,,3/15/20,4/13/20
Aragon,4/5/20,4/3/20,4/9/20,4/7/20,4/6/20,4/8/20,4/7/20,4/5/20,4/7/20,,,,,,,,,3/15/20,,3/14/20,,3/15/20,,3/15/20,,3/15/20,4/13/20
Argentina,5/9/20,5/3/20,6/2/20,5/11/20,5/3/20,6/2/20,5/11/20,5/3/20,6/1/20,201476,9190,148994,4902,52482,4288,3/20/20,4/27/20,3/20/20,,3/16/20,,3/15/20,,3/20/20,,3/20/20,4/27/20
Arizona,7/7/20,5/5/20,7/22/20,7/7/20,5/12/20,7/23/20,7/7/20,5/6/20,7/21/20,16342,1440,10324,932,6018,508,,,3/30/20,5/16/20,3/16/20,,3/30/20,5/16/20,3/30/20,5/16/20,,
Arkansas,5/1/20,4/29/20,5/1/20,5/1/20,5/1/20,5/1/20,5/1/20,5/1/20,5/1/20,11243,914,6237,519,5006,395,,,,,3/17/20,,3/27/20,,3/19/20,,,
Asturias,4/10/20,4/8/20,4/19/20,4/10/20,4/9/20,4/21/20,4/10/20,4/9/20,4/11/20,,,,,,,,,3/15/20,,3/14/20,,3/15/20,,3/15/20,,3/15/20,4/13/20
Austria,4/7/20,4/6/20,4/8/20,4/7/20,4/7/20,4/8/20,4/7/20,4/7/20,4/7/20,64744,1887,51268,1418,13476,469,,,3/16/20,5/1/20,3/16/20,,3/10/20,,3/16/20,,3/16/20,4/13/20
Baden-Wurttemberg,4/15/20,4/13/20,4/17/20,4/15/20,4/14/20,4/16/20,4/15/20,4/14/20,4/16/20,,,,,,,,,3/21/20,5/11/20,3/17/20,,3/21/20,,3/21/20,,3/21/20,4/20/20
Bahia,7/12/20,5/5/20,7/28/20,7/13/20,5/8/20,7/29/20,7/13/20,5/7/20,7/29/20,25025,1356,19599,1155,5426,201,,,,,3/17/20,,3/16/20,,,,,
Baja California,5/7/20,5/5/20,5/26/20,5/13/20,5/6/20,5/28/20,5/12/20,5/6/20,5/27/20,3454,176,2301,144,1153,32,,,,,3/23/20,,3/18/20,,3/30/20,,3/30/20,
Balearic Islands,4/13/20,3/30/20,4/14/20,4/12/20,4/10/20,4/13/20,4/12/20,3/31/20,4/13/20,,,,,,,,,3/15/20,,3/14/20,,3/15/20,,3/15/20,,3/15/20,4/13/20
Basilicata,4/11/20,3/29/20,4/14/20,4/6/20,4/6/20,4/14/20,4/6/20,4/6/20,4/14/20,1944,59,1511,42,433,17,3/22/20,5/4/20,3/11/20,,3/5/20,,3/11/20,,3/11/20,,3/11/20,4/14/20
Basque Country,4/7/20,4/5/20,4/9/20,4/7/20,4/6/20,4/8/20,4/7/20,4/6/20,4/8/20,,,,,,,,,3/15/20,,3/14/20,,3/15/20,,3/15/20,,3/15/20,4/13/20
Bavaria,4/15/20,4/14/20,4/16/20,4/15/20,4/15/20,4/16/20,4/15/20,4/14/20,4/16/20,,,,,,,,,3/21/20,,3/16/20,,3/21/20,,3/17/20,,3/21/20,4/20/20
Belgium,4/11/20,4/10/20,4/12/20,4/12/20,4/11/20,4/13/20,4/11/20,4/11/20,4/12/20,64197,2096,51652,1596,12545,500,,,3/18/20,,3/14/20,,3/13/20,,3/13/20,,3/18/20,5/11/20
Berlin,4/15/20,4/14/20,4/16/20,4/15/20,4/15/20,4/15/20,4/15/20,4/15/20,4/15/20,,,,,,,,,3/23/20,5/9/20,3/23/20,,3/23/20,,3/14/20,,3/23/20,4/20/20
Brandenburg,4/22/20,4/20/20,4/24/20,4/22/20,4/21/20,4/23/20,4/22/20,4/21/20,4/22/20,,,,,,,,,3/17/20,5/9/20,3/18/20,,3/17/20,,3/17/20,,3/17/20,4/20/20
Brazil,6/27/20,5/7/20,7/17/20,6/29/20,5/8/20,7/21/20,6/29/20,5/8/20,7/20/20,388952,29274,305178,25214,83774,4060,,,,,3/24/20,,,,,,,
Bremen,4/12/20,3/31/20,4/17/20,4/13/20,4/8/20,4/17/20,4/13/20,4/8/20,4/17/20,,,,,,,,,3/22/20,,3/16/20,,3/22/20,,3/20/20,,3/20/20,4/20/20
British Columbia,4/10/20,4/8/20,5/20/20,4/10/20,4/9/20,5/19/20,4/10/20,4/9/20,5/19/20,,,,,,,,,,,3/17/20,,3/16/20,,3/20/20,,,
Bulgaria,5/5/20,5/1/20,6/6/20,5/5/20,5/3/20,6/9/20,5/5/20,5/2/20,6/9/20,48320,2224,33056,1257,15264,967,3/21/20,,3/17/20,,3/13/20,,3/13/20,,3/13/20,,3/13/20,5/6/20
Calabria,3/30/20,3/29/20,3/31/20,3/30/20,3/30/20,4/2/20,3/30/20,3/30/20,3/31/20,6805,201,5289,146,1516,55,3/22/20,5/4/20,3/11/20,,3/5/20,,3/11/20,,3/11/20,,3/11/20,4/14/20
California,5/13/20,4/18/20,6/15/20,5/13/20,4/21/20,6/15/20,5/13/20,4/21/20,6/14/20,85724,6783,59070,4789,26654,1994,,,3/19/20,,3/19/20,,3/11/20,,3/19/20,,3/19/20,
Campania,3/27/20,3/25/20,3/30/20,3/31/20,3/30/20,4/1/20,3/30/20,3/29/20,3/31/20,20691,588,16077,426,4614,162,3/22/20,5/4/20,3/11/20,,3/5/20,,3/11/20,,3/11/20,,3/11/20,4/14/20
Canada,5/6/20,5/4/20,5/30/20,5/7/20,5/4/20,6/1/20,5/7/20,5/4/20,5/31/20,100134,4438,91279,3679,8855,759,,,,,3/23/20,,3/23/20,,,,,
Canary Islands,3/29/20,3/28/20,3/30/20,3/30/20,3/28/20,3/30/20,3/28/20,3/28/20,3/30/20,,,,,,,,,3/15/20,,3/14/20,,3/15/20,,3/15/20,,3/15/20,4/13/20
Cantabria,4/1/20,3/31/20,4/12/20,4/9/20,4/6/20,4/12/20,4/9/20,3/31/20,4/12/20,,,,,,,,,3/15/20,5/11/20,3/14/20,,3/15/20,,3/15/20,,3/15/20,4/13/20
Castile and Leon,3/31/20,3/30/20,4/1/20,4/1/20,4/1/20,4/2/20,4/1/20,3/31/20,4/1/20,,,,,,,,,3/15/20,,3/14/20,,3/15/20,,3/15/20,,3/15/20,4/13/20
Castilla-La Mancha,3/29/20,3/28/20,4/8/20,4/6/20,4/5/20,4/7/20,4/6/20,3/31/20,4/7/20,,,,,,,,,3/15/20,,3/14/20,,3/15/20,,3/15/20,,3/15/20,4/13/20
Catalonia,3/31/20,3/30/20,4/2/20,4/1/20,3/31/20,4/3/20,4/1/20,3/31/20,4/2/20,,,,,,,,,3/15/20,,3/14/20,,3/11/20,,3/12/20,,3/15/20,
Ceara,6/3/20,5/7/20,6/15/20,6/4/20,5/9/20,6/16/20,6/3/20,5/8/20,6/16/20,15800,770,12372,655,3428,115,,,,,3/16/20,,3/16/20,,3/20/20,,3/20/20,
Ceuta,12/18/19,12/18/19,12/18/19,12/18/19,12/18/19,12/18/19,12/18/19,12/18/19,12/18/19,,,,,,,,,3/15/20,5/11/20,3/14/20,,3/15/20,,3/15/20,,3/15/20,4/13/20
Chile,5/11/20,4/27/20,5/23/20,5/10/20,4/28/20,5/22/20,5/10/20,4/28/20,5/22/20,38335,1015,28757,619,9578,396,,,,,3/16/20,,3/16/20,,3/21/20,,,
Colombia,6/8/20,5/5/20,7/19/20,6/8/20,5/5/20,7/20/20,6/8/20,5/5/20,7/18/20,73656,4037,50889,2280,22767,1757,3/25/20,,3/25/20,,3/16/20,,3/16/20,,3/19/20,,3/25/20,4/27/20
Colorado,4/21/20,4/21/20,6/9/20,4/21/20,4/21/20,6/10/20,4/21/20,4/21/20,6/10/20,12485,1484,7633,929,4852,555,,,3/26/20,4/27/20,3/23/20,,3/19/20,,3/17/20,,3/26/20,4/27/20
Community of Madrid,3/27/20,3/25/20,3/28/20,3/28/20,3/27/20,3/29/20,3/27/20,3/27/20,3/28/20,,,,,,,,,3/15/20,,3/11/20,,3/15/20,,3/13/20,,3/13/20,4/13/20
Connecticut,4/20/20,4/19/20,4/21/20,4/20/20,4/20/20,4/21/20,4/20/20,4/20/20,4/21/20,8501,537,6762,437,1739,100,,,,,3/17/20,,3/12/20,,3/16/20,,3/23/20,
Croatia,4/28/20,4/15/20,5/10/20,4/28/20,4/27/20,5/11/20,4/28/20,4/27/20,5/11/20,21718,789,17754,551,3964,238,3/23/20,,3/17/20,5/11/20,3/16/20,,3/9/20,,3/19/20,,3/19/20,4/27/20
Cyprus,3/28/20,3/25/20,3/28/20,3/28/20,3/28/20,3/28/20,3/28/20,3/28/20,3/28/20,3580,107,2839,80,741,27,,,3/24/20,5/4/20,3/13/20,,3/24/20,,3/24/20,,3/24/20,5/4/20
Czechia,4/8/20,4/6/20,4/9/20,4/8/20,4/8/20,4/9/20,4/8/20,4/7/20,4/9/20,71296,1372,51312,846,19984,526,,,3/16/20,4/20/20,3/10/20,,3/10/20,,3/10/20,,3/14/20,4/20/20
Delaware,5/14/20,5/11/20,5/30/20,5/14/20,5/11/20,5/30/20,5/14/20,5/11/20,5/30/20,2633,166,1937,125,696,41,,,3/24/20,,3/16/20,,3/16/20,,3/16/20,,3/24/20,5/8/20
Denmark,4/4/20,4/3/20,4/6/20,4/5/20,4/4/20,4/7/20,4/4/20,4/4/20,4/6/20,16097,435,13104,337,2993,98,,,,,3/16/20,,3/18/20,,3/18/20,,,
District of Columbia,4/25/20,4/23/20,5/21/20,5/6/20,4/25/20,5/23/20,4/25/20,4/23/20,5/22/20,3939,256,2845,189,1094,67,,,3/30/20,,3/16/20,,3/13/20,,3/16/20,,3/25/20,
Dominican Republic,4/10/20,4/9/20,5/28/20,4/10/20,4/9/20,5/27/20,4/10/20,4/9/20,5/26/20,14065,677,5718,528,8347,149,3/19/20,4/13/20,,,3/19/20,,3/25/20,,3/19/20,,3/19/20,
Ecuador,4/3/20,4/2/20,4/4/20,4/4/20,4/4/20,4/5/20,4/4/20,4/4/20,4/4/20,22127,1001,12265,671,9862,330,3/18/20,5/4/20,3/17/20,5/4/20,3/13/20,,3/15/20,,3/15/20,,3/17/20,5/4/20
Egypt,7/4/20,4/26/20,7/24/20,7/4/20,5/5/20,7/26/20,7/4/20,4/27/20,7/25/20,121699,10500,53650,4279,68049,6221,,,,,3/15/20,,3/9/20,,3/24/20,,,
Emilia-Romagna,3/27/20,3/24/20,3/29/20,3/28/20,3/26/20,3/29/20,3/27/20,3/26/20,3/29/20,14461,549,11255,405,3206,144,3/22/20,5/4/20,3/11/20,,3/1/20,,3/7/20,,3/7/20,,3/11/20,4/14/20
Estonia,4/13/20,4/2/20,4/13/20,4/12/20,4/12/20,4/13/20,4/13/20,4/12/20,4/13/20,6244,166,4408,102,1836,64,,,,,3/16/20,,3/13/20,,3/13/20,,,
Extremadura,3/30/20,3/29/20,4/1/20,3/31/20,3/31/20,4/1/20,3/31/20,3/30/20,3/31/20,,,,,,,,,3/15/20,,3/14/20,,3/15/20,,3/15/20,,3/15/20,4/13/20
Finland,4/20/20,4/20/20,4/21/20,4/20/20,4/20/20,4/21/20,4/20/20,4/20/20,4/20/20,23274,353,17256,252,6018,101,3/25/20,,,,3/18/20,,3/12/20,,3/18/20,,4/4/20,6/1/20
Florida,5/27/20,5/3/20,6/12/20,5/29/20,5/4/20,6/14/20,5/29/20,5/4/20,6/13/20,60546,5351,40362,3655,20184,1696,,,4/3/20,5/4/20,3/17/20,,4/3/20,,3/17/20,,,
France,4/3/20,4/2/20,4/4/20,4/4/20,4/4/20,4/5/20,4/4/20,4/3/20,4/4/20,400922,6969,303136,5034,97786,1935,3/17/20,,3/18/20,5/11/20,3/13/20,,3/4/20,,3/15/20,,3/15/20,5/11/20
Friuli-Venezia Giulia,3/29/20,3/28/20,4/1/20,3/29/20,3/29/20,4/1/20,3/29/20,3/29/20,3/30/20,3928,143,3056,105,872,38,3/22/20,5/4/20,3/11/20,,3/5/20,,3/11/20,,3/11/20,,3/11/20,4/14/20
Galicia,4/2/20,4/1/20,4/3/20,4/3/20,4/2/20,4/3/20,4/2/20,4/2/20,4/3/20,,,,,,,,,3/15/20,,3/14/20,,3/15/20,,3/15/20,,3/15/20,4/13/20
Georgia,4/17/20,4/16/20,5/19/20,4/26/20,4/16/20,5/25/20,4/17/20,4/16/20,5/23/20,28928,2182,20605,1592,8323,590,,,4/3/20,5/1/20,3/18/20,,3/24/20,,3/24/20,,,
Germany,4/16/20,4/15/20,4/17/20,4/16/20,4/16/20,4/16/20,4/16/20,4/15/20,4/16/20,665788,28153,531866,22770,133922,5383,,,,,,,,,,,,
Greece,4/1/20,3/31/20,4/2/20,4/1/20,4/1/20,4/2/20,4/1/20,3/31/20,4/2/20,43778,673,30631,448,13147,225,3/23/20,,3/23/20,5/4/20,3/11/20,,3/8/20,,3/12/20,,3/22/20,5/4/20
Hamburg,4/23/20,4/22/20,7/1/20,4/23/20,4/22/20,7/1/20,4/23/20,4/22/20,6/30/20,,,,,,,,,3/22/20,5/4/20,3/16/20,,3/22/20,,3/15/20,,,
Hawaii,4/23/20,4/3/20,4/23/20,4/7/20,4/7/20,4/23/20,4/7/20,4/6/20,4/23/20,3467,173,2510,128,957,45,,,3/25/20,,3/19/20,,3/17/20,,3/17/20,,3/25/20,5/1/20
Hesse,4/16/20,4/15/20,4/18/20,4/16/20,4/16/20,4/17/20,4/16/20,4/15/20,4/17/20,,,,,,,,,3/22/20,,3/16/20,,3/22/20,,3/15/20,,,
Hungary,4/18/20,4/16/20,4/19/20,4/19/20,4/18/20,4/19/20,4/19/20,4/18/20,4/19/20,66853,1453,46951,864,19902,589,,,3/28/20,5/4/20,3/16/20,,3/12/20,,3/12/20,,3/16/20,5/4/20
Iceland,6/23/20,4/1/20,7/10/20,6/24/20,4/4/20,7/9/20,6/24/20,4/4/20,7/10/20,1171,33,941,25,230,8,,,,,3/16/20,5/4/20,3/16/20,,3/24/20,,,
Idaho,4/11/20,4/10/20,4/12/20,4/11/20,4/11/20,4/12/20,4/11/20,4/10/20,4/11/20,3951,338,2133,187,1818,151,,,3/25/20,5/1/20,3/23/20,,3/25/20,5/1/20,3/25/20,,3/25/20,5/1/20
Illinois,5/14/20,5/10/20,6/4/20,5/14/20,5/11/20,6/6/20,5/14/20,5/11/20,6/5/20,36072,2910,21520,1779,14552,1131,,,3/21/20,,3/17/20,,3/13/20,,3/16/20,,3/21/20,5/1/20
Indiana,4/28/20,4/27/20,5/18/20,4/28/20,4/27/20,5/23/20,4/28/20,4/27/20,5/18/20,20450,1763,11965,1057,8485,706,,,3/25/20,5/4/20,3/19/20,,3/12/20,,3/16/20,,3/24/20,5/4/20
Iowa,6/3/20,5/10/20,6/11/20,6/4/20,5/10/20,6/12/20,6/3/20,5/10/20,6/12/20,9866,584,5569,337,4297,247,,,,,4/4/20,,3/17/20,,3/17/20,,3/17/20,5/1/20
Ireland,4/22/20,4/21/20,4/22/20,4/22/20,4/22/20,4/22/20,4/22/20,4/22/20,4/22/20,15012,303,13614,251,1398,52,,,3/27/20,5/5/20,3/12/20,,3/12/20,,3/15/20,,3/24/20,5/18/20
Israel,4/14/20,4/12/20,4/15/20,4/14/20,4/13/20,4/15/20,4/14/20,4/13/20,4/15/20,39948,464,37175,379,2773,85,,,3/25/20,4/19/20,3/12/20,,3/4/20,,3/15/20,,3/25/20,4/19/20
Italy,3/28/20,3/27/20,3/28/20,3/29/20,3/28/20,3/29/20,3/28/20,3/28/20,3/28/20,202139,6812,157221,4990,44918,1822,,,,,,,,,,,,
Kansas,4/17/20,4/9/20,6/6/20,4/17/20,4/16/20,6/5/20,4/17/20,4/16/20,6/5/20,11329,678,6518,399,4811,279,,,3/30/20,5/4/20,3/17/20,,3/17/20,,3/30/20,,,
Kentucky,4/19/20,4/17/20,5/25/20,4/19/20,4/18/20,5/29/20,4/19/20,4/18/20,5/28/20,16156,1215,9946,766,6210,449,,,,,3/20/20,,3/19/20,,3/16/20,,3/26/20,5/11/20
La Rioja,4/6/20,4/4/20,4/7/20,4/6/20,4/5/20,4/6/20,4/5/20,4/5/20,4/6/20,,,,,,,,,3/15/20,5/11/20,3/14/20,,3/15/20,,3/15/20,,3/15/20,4/13/20
Latvia,4/26/20,4/20/20,5/23/20,4/26/20,4/26/20,5/23/20,4/26/20,4/26/20,5/23/20,11096,206,7879,127,3217,79,,,,,3/12/20,,3/13/20,,,,,
Lazio,4/29/20,4/29/20,4/30/20,4/29/20,4/29/20,4/30/20,4/29/20,4/29/20,4/29/20,18277,689,14224,508,4053,181,3/22/20,5/4/20,3/11/20,,3/5/20,,3/11/20,,3/11/20,,3/11/20,4/14/20
Liguria,3/26/20,3/25/20,4/18/20,4/2/20,3/28/20,4/17/20,3/28/20,3/27/20,4/17/20,4985,182,3879,134,1106,48,3/22/20,5/4/20,3/11/20,,3/5/20,,3/11/20,,3/11/20,,3/11/20,4/14/20
Lithuania,4/12/20,4/10/20,4/12/20,4/12/20,4/10/20,4/12/20,4/12/20,4/10/20,4/12/20,18032,522,13111,333,4921,189,,,3/15/20,,3/16/20,,3/15/20,,3/14/20,,3/15/20,4/15/20
Lombardia,3/27/20,3/26/20,3/28/20,3/27/20,3/27/20,3/28/20,3/27/20,3/27/20,3/27/20,31872,1208,24806,891,7066,317,3/8/20,5/4/20,3/8/20,,3/1/20,,2/22/20,,2/22/20,,3/8/20,4/14/20
Louisiana,4/13/20,4/12/20,4/20/20,4/13/20,4/13/20,4/20/20,4/13/20,4/12/20,4/20/20,18060,1242,10855,765,7205,477,,,3/23/20,5/15/20,3/16/20,,3/13/20,5/15/20,3/17/20,,3/22/20,5/1/20
Lower Saxony,4/12/20,4/10/20,4/15/20,4/13/20,4/12/20,4/15/20,4/13/20,4/12/20,4/14/20,,,,,,,,,3/23/20,,3/16/20,,3/23/20,,3/27/20,,3/27/20,4/20/20
Luxembourg,4/8/20,4/6/20,4/8/20,4/8/20,4/7/20,4/8/20,4/8/20,4/7/20,4/8/20,2910,131,2056,90,854,41,,,,,3/16/20,,3/13/20,,3/18/20,,3/18/20,4/20/20
Maine,4/21/20,4/16/20,4/21/20,4/21/20,4/19/20,4/22/20,4/21/20,4/19/20,4/21/20,3814,244,2752,180,1062,64,,,4/2/20,,3/16/20,,3/18/20,,3/18/20,,3/25/20,5/1/20
Malaysia,3/29/20,3/26/20,3/31/20,3/31/20,3/29/20,4/1/20,3/31/20,3/29/20,4/1/20,61170,1047,41301,704,19869,343,3/18/20,5/4/20,3/18/20,,3/18/20,,3/13/20,,3/18/20,,3/18/20,5/4/20
Maranhao,6/27/20,5/5/20,7/19/20,6/28/20,5/7/20,7/19/20,6/28/20,5/5/20,7/18/20,11776,464,9193,387,2583,77,,,,,3/17/20,,3/21/20,,3/21/20,,3/21/20,
Marche,3/28/20,3/26/20,3/30/20,3/29/20,3/29/20,3/30/20,3/29/20,3/28/20,3/30/20,5206,176,4049,128,1157,48,3/22/20,5/4/20,3/11/20,,3/5/20,,3/7/20,,3/7/20,,3/11/20,4/14/20
Maryland,5/11/20,4/25/20,6/23/20,5/12/20,5/3/20,6/23/20,5/12/20,5/3/20,6/23/20,14350,1030,10389,764,3961,266,,,3/30/20,5/15/20,3/16/20,,3/16/20,,3/16/20,,3/23/20,5/15/20
Massachusetts,4/20/20,4/19/20,5/21/20,4/20/20,4/20/20,5/21/20,4/20/20,4/20/20,5/21/20,20197,1250,15348,973,4849,277,,,,,3/17/20,,3/13/20,,3/17/20,,3/24/20,
Mecklenburg-Vorpommern,4/6/20,4/2/20,4/6/20,4/6/20,4/6/20,4/6/20,4/6/20,4/5/20,4/6/20,,,,,,,,,3/23/20,,3/16/20,,3/23/20,,3/18/20,,3/18/20,4/20/20
Mexico,5/8/20,5/5/20,5/11/20,5/8/20,5/7/20,5/11/20,5/8/20,5/6/20,5/11/20,12010,597,7013,455,4997,142,,,4/2/20,,3/23/20,,3/24/20,,3/30/20,,4/2/20,
Mexico City,5/23/20,5/5/20,6/9/20,5/23/20,5/6/20,6/9/20,5/23/20,5/6/20,6/8/20,16855,976,10524,784,6331,192,,,,,3/24/20,,3/17/20,,3/30/20,,4/1/20,
Mexico_country,5/8/20,5/5/20,6/5/20,5/11/20,5/6/20,6/6/20,5/10/20,5/6/20,6/5/20,119328,6073,76518,4835,42810,1238,,,,,3/23/20,,3/24/20,,4/4/20,,4/4/20,
Michigan,4/22/20,4/11/20,4/23/20,4/21/20,4/20/20,4/22/20,4/21/20,4/20/20,4/22/20,28300,2164,18145,1421,10155,743,,,3/24/20,,3/16/20,,3/13/20,,3/16/20,,3/23/20,5/7/20
Minnesota,5/25/20,5/3/20,6/4/20,5/24/20,5/5/20,6/4/20,5/24/20,5/5/20,6/4/20,15196,1140,10212,785,4984,355,,,3/28/20,5/18/20,3/18/20,,3/28/20,,3/17/20,,,
Mississippi,5/4/20,5/3/20,6/5/20,5/5/20,5/4/20,6/5/20,5/4/20,5/4/20,6/5/20,14005,862,8272,521,5733,341,,,4/3/20,4/27/20,3/19/20,,3/24/20,,3/24/20,,4/3/20,4/27/20
Missouri,5/27/20,5/5/20,6/18/20,6/3/20,5/5/20,6/18/20,5/28/20,5/5/20,6/17/20,21575,1586,13642,1027,7933,559,,,4/6/20,5/4/20,3/23/20,,3/23/20,5/4/20,3/23/20,5/4/20,,
Molise,3/20/20,3/20/20,3/20/20,3/20/20,3/20/20,3/20/20,3/20/20,3/19/20,3/20/20,1040,32,808,23,232,9,3/22/20,5/4/20,3/11/20,,3/5/20,,3/11/20,,3/11/20,,3/11/20,4/14/20
Montana,4/18/20,4/18/20,4/18/20,4/18/20,4/18/20,4/18/20,4/18/20,4/17/20,4/18/20,4145,219,2475,134,1670,85,,,3/26/20,4/26/20,3/15/20,,3/24/20,,3/20/20,,3/26/20,4/27/20
Murcia,4/3/20,4/1/20,4/4/20,4/4/20,4/3/20,4/4/20,4/3/20,4/3/20,4/4/20,,,,,,,,,3/15/20,5/11/20,3/14/20,,3/15/20,,3/15/20,,3/15/20,4/13/20
Navarre,4/15/20,4/14/20,4/15/20,4/15/20,4/15/20,4/15/20,4/15/20,4/15/20,4/15/20,,,,,,,,,3/15/20,5/11/20,3/14/20,,3/15/20,,3/15/20,,3/15/20,4/13/20
Nebraska,5/13/20,4/20/20,6/11/20,5/14/20,4/21/20,6/12/20,5/14/20,4/21/20,6/12/20,7413,569,4283,336,3130,233,,,,,4/2/20,,3/16/20,,3/19/20,,,
Netherlands,4/4/20,4/2/20,4/7/20,4/5/20,4/4/20,4/13/20,4/5/20,4/4/20,4/6/20,58826,1616,37255,1013,21571,603,,,,,3/15/20,,3/10/20,,3/12/20,,,
Nevada,4/8/20,4/8/20,6/13/20,5/3/20,4/8/20,6/14/20,5/3/20,4/8/20,6/13/20,8006,696,5758,513,2248,183,,,3/31/20,5/9/20,3/16/20,,3/24/20,,3/18/20,,3/21/20,5/1/20
New Hampshire,5/7/20,5/6/20,5/24/20,5/14/20,5/7/20,5/27/20,5/7/20,5/6/20,5/25/20,3052,263,2033,179,1019,84,,,3/27/20,,3/16/20,,3/16/20,,3/16/20,,3/28/20,5/11/20
New Jersey,4/16/20,4/15/20,4/28/20,4/27/20,4/15/20,4/28/20,4/15/20,4/15/20,4/28/20,25996,1643,18181,1177,7815,466,,,3/21/20,,3/18/20,,3/16/20,,3/16/20,,3/21/20,5/2/20
New Mexico,5/12/20,5/10/20,5/24/20,5/12/20,5/10/20,5/26/20,5/12/20,5/10/20,5/24/20,4756,331,3003,214,1753,117,,,,,3/13/20,,3/12/20,,3/16/20,,3/24/20,4/30/20
New York,4/9/20,4/8/20,4/10/20,4/9/20,4/8/20,4/9/20,4/8/20,4/8/20,4/8/20,62232,3787,49221,3069,13011,718,,,3/22/20,,3/18/20,,3/12/20,,3/16/20,,3/22/20,
North Carolina,6/8/20,5/7/20,7/5/20,6/17/20,5/6/20,7/8/20,6/17/20,5/6/20,7/9/20,24713,2096,17587,1528,7126,568,,,3/30/20,5/8/20,3/14/20,,3/14/20,,3/17/20,,3/30/20,5/8/20
North Dakota,6/4/20,5/4/20,6/10/20,6/4/20,5/4/20,6/10/20,6/4/20,5/4/20,6/11/20,3779,219,2234,132,1545,87,,,,,3/16/20,,,,3/20/20,,,
North Rhine-Westphalia,4/17/20,4/16/20,4/18/20,4/17/20,4/17/20,4/18/20,4/17/20,4/16/20,4/17/20,,,,,,,,,3/23/20,5/11/20,3/16/20,,3/23/20,,2/26/20,,3/23/20,4/20/20
Norway,4/6/20,4/5/20,4/9/20,4/9/20,4/6/20,4/9/20,4/8/20,4/6/20,4/9/20,19776,502,16367,395,3409,107,,,,,3/12/20,,3/12/20,,3/12/20,,,
Ohio,5/13/20,4/27/20,5/31/20,5/13/20,5/4/20,6/1/20,5/13/20,4/27/20,5/31/20,37351,3371,23060,2132,14291,1239,,,3/23/20,,3/16/20,,3/12/20,,3/15/20,,3/23/20,5/4/20
Oklahoma,4/20/20,4/19/20,4/21/20,4/20/20,4/19/20,4/21/20,4/20/20,4/19/20,4/20/20,13153,1166,7695,699,5458,467,,,,,3/17/20,,3/24/20,,4/1/20,,4/1/20,4/24/20
Ontario,5/8/20,5/5/20,6/2/20,5/9/20,5/5/20,6/2/20,5/8/20,5/5/20,6/1/20,,,,,,,,,,,3/16/20,,3/16/20,,3/16/20,,4/5/20,5/4/20
Oregon,4/8/20,4/8/20,6/5/20,4/14/20,4/8/20,6/4/20,4/14/20,4/8/20,6/4/20,7900,655,5242,445,2658,210,,,3/23/20,,3/16/20,,3/12/20,,3/17/20,,,
Panama,5/9/20,4/17/20,6/18/20,5/14/20,4/19/20,6/18/20,5/8/20,4/19/20,6/18/20,8663,323,4736,185,3927,138,3/13/20,,3/25/20,,3/16/20,,3/25/20,,3/25/20,,3/25/20,
Parana,4/24/20,4/21/20,5/21/20,4/24/20,4/21/20,5/22/20,4/24/20,4/21/20,5/21/20,24502,1913,19240,1655,5262,258,,,,,3/20/20,,3/16/20,,3/16/20,,3/21/20,
Pennsylvania,5/3/20,5/2/20,6/15/20,5/4/20,5/4/20,6/17/20,5/4/20,5/4/20,6/17/20,42658,3250,28263,2206,14395,1044,,,4/1/20,5/8/20,3/17/20,,4/1/20,,3/18/20,,3/23/20,5/8/20
Pernambuco,6/21/20,5/6/20,7/12/20,6/21/20,5/8/20,7/13/20,6/21/20,5/7/20,7/12/20,18735,1334,14675,1138,4060,196,,,,,3/18/20,,,,3/19/20,,3/20/20,
Peru,5/9/20,5/5/20,6/14/20,5/10/20,5/5/20,6/15/20,5/10/20,5/5/20,6/14/20,42011,869,24746,781,17265,88,,,3/16/20,,3/16/20,,3/12/20,,3/16/20,,3/16/20,5/1/20
Philippines,5/21/20,4/10/20,5/25/20,5/21/20,4/11/20,5/28/20,5/21/20,4/11/20,5/25/20,95860,2549,62867,1605,32993,944,,,,,3/16/20,,,,,,,
Piemonte,4/12/20,4/10/20,4/13/20,4/12/20,4/11/20,4/13/20,4/12/20,4/11/20,4/13/20,14561,498,11326,365,3235,133,3/22/20,5/4/20,3/11/20,,3/5/20,,3/7/20,,3/7/20,,3/11/20,4/14/20
Poland,4/23/20,4/22/20,7/30/20,4/23/20,4/23/20,7/30/20,4/23/20,4/22/20,7/30/20,202488,9796,146722,6062,55766,3734,,,3/24/20,4/20/20,3/12/20,5/24/20,3/10/20,,3/31/20,,,
Portugal,4/11/20,4/9/20,4/13/20,4/11/20,4/10/20,4/12/20,4/11/20,4/10/20,4/12/20,34951,548,24069,353,10882,195,4/9/20,,3/19/20,5/4/20,3/16/20,,3/19/20,,3/16/20,,3/19/20,5/4/20
Provincia autonoma di Bolzano,4/1/20,3/31/20,4/1/20,4/1/20,4/1/20,4/2/20,4/1/20,3/31/20,4/1/20,1654,65,1287,48,367,17,3/22/20,5/4/20,3/11/20,,3/5/20,,3/11/20,,3/11/20,,3/11/20,4/14/20
Provincia autonoma di Trento,3/27/20,3/26/20,3/29/20,3/29/20,3/29/20,3/31/20,3/29/20,3/27/20,3/29/20,1746,66,1358,48,388,18,3/22/20,5/4/20,3/11/20,,3/5/20,,3/11/20,,3/11/20,,3/11/20,4/14/20
Puebla,5/8/20,5/4/20,5/29/20,5/8/20,5/6/20,5/31/20,5/8/20,5/4/20,5/30/20,5463,264,3116,196,2347,68,,,,,3/23/20,,3/24/20,,3/30/20,,3/30/20,
Puerto Rico,4/10/20,4/6/20,6/1/20,4/10/20,4/10/20,6/3/20,4/10/20,4/9/20,6/4/20,7271,299,5232,222,2039,77,,,3/16/20,,3/16/20,,3/12/20,,3/16/20,,3/16/20,5/4/20
Puglia,4/1/20,4/1/20,4/2/20,4/2/20,4/1/20,4/3/20,4/1/20,4/1/20,4/2/20,14596,408,11340,295,3256,113,3/22/20,5/4/20,3/11/20,,3/5/20,,3/11/20,,3/11/20,,3/11/20,4/14/20
Quebec,5/6/20,5/3/20,5/29/20,5/7/20,5/4/20,5/30/20,5/6/20,5/4/20,5/30/20,,,,,,,,,3/21/20,,3/16/20,,3/12/20,,3/15/20,,3/23/20,5/4/20
Quintana Roo,5/7/20,5/5/20,5/25/20,5/11/20,5/5/20,5/26/20,5/7/20,5/5/20,5/25/20,1281,99,991,86,290,13,,,,,3/23/20,,3/24/20,,3/25/20,,3/30/20,
Republic of Korea,3/25/20,3/22/20,6/1/20,3/25/20,3/24/20,6/3/20,3/25/20,3/23/20,6/2/20,492776,10028,339533,6729,153243,3299,,,,,3/2/20,,,,3/22/20,,,
Republic of Moldova,5/22/20,4/25/20,6/2/20,5/22/20,4/25/20,6/3/20,5/22/20,4/25/20,6/3/20,17789,311,14474,212,3315,99,,,3/25/20,,3/11/20,,3/16/20,,3/16/20,,3/16/20,
Rhineland-Palatinate,4/21/20,4/16/20,4/22/20,4/21/20,4/18/20,4/22/20,4/21/20,4/18/20,4/21/20,,,,,,,,,3/22/20,,3/16/20,,3/22/20,,3/23/20,,3/23/20,4/20/20
Rhode Island,5/2/20,5/1/20,6/3/20,5/2/20,5/2/20,6/5/20,5/2/20,5/1/20,6/4/20,2757,153,1962,111,795,42,,,3/28/20,5/9/20,3/16/20,,3/17/20,,3/17/20,,,
Rio de Janeiro,6/27/20,5/8/20,7/17/20,6/28/20,5/8/20,7/17/20,6/28/20,5/8/20,7/16/20,33912,3958,26655,3444,7257,514,,,3/30/20,,3/13/20,,3/13/20,,3/16/20,,,
Romania,7/30/20,4/29/20,7/30/20,7/30/20,5/5/20,7/30/20,7/30/20,5/5/20,7/30/20,129383,4801,96989,3023,32394,1778,,,3/23/20,5/15/20,3/11/20,,3/6/20,,3/21/20,,3/21/20,
Saarland,4/14/20,4/13/20,4/15/20,4/15/20,4/14/20,4/15/20,4/14/20,4/14/20,4/15/20,,,,,,,,,3/21/20,,3/16/20,,3/21/20,,3/15/20,,,
Sao Paulo,7/12/20,5/7/20,7/28/20,7/13/20,5/7/20,7/28/20,7/12/20,5/7/20,7/27/20,83816,7961,65881,6927,17935,1034,,,,,3/23/20,,3/14/20,,3/24/20,,3/24/20,
Sardegna,4/7/20,4/6/20,4/8/20,4/7/20,4/6/20,4/7/20,4/7/20,4/6/20,4/7/20,5755,168,4472,122,1283,46,3/22/20,5/4/20,3/11/20,,3/5/20,,3/11/20,,3/11/20,,3/11/20,4/14/20
Saxony,4/17/20,4/16/20,4/19/20,4/17/20,4/16/20,4/18/20,4/17/20,4/16/20,4/17/20,,,,,,,,,3/23/20,4/20/20,3/23/20,,3/23/20,,3/23/20,,3/23/20,4/20/20
Saxony-Anhalt,4/11/20,4/9/20,4/12/20,4/11/20,4/9/20,4/11/20,4/11/20,4/9/20,4/11/20,,,,,,,,,3/22/20,5/4/20,3/16/20,,3/22/20,,3/24/20,,3/24/20,4/20/20
Schleswig-Holstein,4/21/20,4/20/20,4/22/20,4/21/20,4/20/20,4/22/20,4/21/20,4/20/20,4/21/20,,,,,,,,,3/24/20,5/9/20,3/16/20,,3/24/20,,3/14/20,,3/24/20,4/20/20
Sicilia,3/28/20,3/27/20,3/29/20,3/29/20,3/28/20,3/29/20,3/28/20,3/28/20,3/29/20,18139,506,14093,366,4046,140,3/22/20,5/4/20,3/11/20,,3/5/20,,3/11/20,,3/11/20,,3/11/20,4/14/20
Sinaloa,4/25/20,4/24/20,4/26/20,4/25/20,4/25/20,4/27/20,4/25/20,4/25/20,4/25/20,2859,164,2037,138,822,26,,,,,3/20/20,,3/20/20,,3/26/20,,3/30/20,
Slovakia,4/17/20,4/15/20,4/18/20,4/17/20,4/17/20,4/27/20,4/17/20,4/17/20,4/17/20,32229,578,22068,335,10161,243,4/8/20,4/14/20,,,3/12/20,,3/12/20,,3/16/20,,3/16/20,3/30/20
Slovenia,4/6/20,4/5/20,4/8/20,4/6/20,4/6/20,4/8/20,4/6/20,4/6/20,4/7/20,9248,172,6553,105,2695,67,3/16/20,4/30/20,,,3/16/20,,3/12/20,,3/15/20,,3/15/20,4/20/20
South Carolina,4/28/20,4/27/20,4/28/20,4/28/20,4/28/20,4/28/20,4/28/20,4/28/20,4/28/20,13707,1244,9027,839,4680,405,,,4/7/20,5/4/20,3/16/20,,3/18/20,,3/18/20,,,
South Dakota,5/21/20,5/1/20,6/5/20,5/23/20,5/4/20,6/6/20,5/22/20,5/4/20,6/6/20,4733,202,2927,128,1806,74,,,,,3/16/20,,4/6/20,4/28/20,,,,
Spain,3/30/20,3/30/20,3/31/20,4/1/20,3/31/20,4/1/20,3/31/20,3/31/20,4/1/20,137254,4043,104258,2832,32996,1211,,,,,,,,,,,,
Sweden,4/18/20,4/17/20,5/16/20,4/19/20,4/18/20,5/20/20,4/19/20,4/18/20,5/18/20,29387,1077,22306,385,7081,692,,,,,,,3/11/20,,,,,
Switzerland,4/4/20,4/2/20,4/5/20,4/6/20,4/5/20,4/6/20,4/5/20,4/4/20,4/6/20,39981,1057,33455,842,6526,215,,,,,3/13/20,,2/28/20,,3/16/20,,3/16/20,4/27/20
Tabasco,5/6/20,5/5/20,6/6/20,5/10/20,5/5/20,6/7/20,5/9/20,5/5/20,6/7/20,1980,104,1372,86,608,18,,,,,3/20/20,,3/14/20,,4/1/20,,4/1/20,
Tennessee,4/5/20,4/4/20,6/1/20,4/6/20,4/5/20,5/31/20,4/5/20,4/5/20,5/31/20,21784,1834,13972,1205,7812,629,,,4/2/20,4/29/20,3/20/20,,3/23/20,,3/23/20,,4/1/20,4/27/20
Texas,6/4/20,5/10/20,6/23/20,6/5/20,5/10/20,6/22/20,6/4/20,5/10/20,6/22/20,77428,6378,48794,4118,28634,2260,,,4/2/20,5/1/20,3/19/20,,3/21/20,,3/21/20,,,
Thuringia,4/15/20,4/14/20,5/25/20,4/15/20,4/15/20,5/25/20,4/15/20,4/15/20,5/25/20,,,,,,,,,3/22/20,,3/17/20,,3/22/20,,3/15/20,,,
Toscana,4/9/20,4/7/20,4/10/20,4/9/20,4/9/20,4/10/20,4/9/20,4/8/20,4/10/20,12327,430,9589,315,2738,115,3/22/20,5/4/20,3/11/20,,3/5/20,,3/11/20,,3/11/20,,3/11/20,4/14/20
Turkey,4/17/20,4/15/20,4/20/20,4/19/20,4/17/20,4/20/20,4/18/20,4/17/20,4/20/20,211898,29451,140891,18785,71007,10666,,,,,3/16/20,,3/16/20,,3/16/20,,,
Ukraine,5/8/20,5/5/20,6/26/20,5/10/20,5/5/20,6/25/20,5/10/20,5/5/20,6/24/20,360751,5220,321837,3932,38914,1288,,,,,3/12/20,,3/12/20,,3/12/20,,3/17/20,5/11/20
Umbria,3/25/20,3/23/20,3/29/20,3/28/20,3/28/20,3/28/20,3/28/20,3/25/20,3/28/20,3062,101,2381,73,681,28,3/22/20,5/4/20,3/11/20,,3/5/20,,3/11/20,,3/11/20,,3/11/20,4/14/20
United Kingdom,4/11/20,4/9/20,4/14/20,4/14/20,4/13/20,4/15/20,4/13/20,4/12/20,4/14/20,180302,5872,151633,4625,28669,1247,,,3/23/20,,3/23/20,,3/23/20,,3/20/20,,3/24/20,
United States of America,4/18/20,4/16/20,5/26/20,4/19/20,4/18/20,5/28/20,4/19/20,4/18/20,5/28/20,,,,,,,,,,,,,,,,,,
Utah,5/7/20,5/3/20,6/9/20,5/12/20,5/5/20,6/11/20,5/12/20,5/4/20,6/10/20,6726,428,3955,257,2771,171,,,,,3/16/20,,3/19/20,,3/19/20,,,
Valencian Community,4/1/20,3/31/20,4/1/20,4/1/20,4/1/20,4/2/20,4/1/20,4/1/20,4/1/20,,,,,,,,,3/15/20,,3/14/20,,3/15/20,,3/15/20,,3/15/20,4/13/20
Valle d'Aosta,4/1/20,3/30/20,4/2/20,4/1/20,4/1/20,4/2/20,4/1/20,4/1/20,4/2/20,416,14,323,10,93,4,3/22/20,5/4/20,3/11/20,,3/5/20,,3/11/20,,3/11/20,,3/11/20,4/14/20
Veneto,4/23/20,3/29/20,4/24/20,4/23/20,3/31/20,4/24/20,4/23/20,3/30/20,4/24/20,16395,564,12753,413,3642,151,3/22/20,5/4/20,3/11/20,,3/1/20,,2/22/20,,2/22/20,,3/11/20,4/14/20
Vermont,4/15/20,4/13/20,4/16/20,4/15/20,4/13/20,4/15/20,4/15/20,4/13/20,4/15/20,1525,102,992,68,533,34,,,3/24/20,5/15/20,3/18/20,,3/13/20,,3/17/20,,3/25/20,4/20/20
Virginia,5/2/20,4/30/20,5/31/20,5/12/20,5/1/20,5/31/20,5/12/20,4/30/20,5/31/20,23270,1241,16689,912,6581,329,,,3/30/20,,3/16/20,,3/15/20,,3/17/20,,3/24/20,
Washington,4/4/20,4/4/20,4/5/20,4/5/20,4/4/20,4/5/20,4/5/20,4/4/20,4/5/20,15235,1116,10328,775,4907,341,,,3/23/20,,3/13/20,,3/11/20,,3/16/20,,3/25/20,
West Virginia,4/19/20,4/17/20,5/31/20,4/19/20,4/19/20,5/31/20,4/19/20,4/19/20,5/31/20,8403,568,5371,372,3032,196,,,3/25/20,5/4/20,3/14/20,,3/24/20,,3/18/20,,3/24/20,5/4/20
Wisconsin,4/11/20,4/10/20,5/24/20,4/12/20,4/11/20,5/26/20,4/12/20,4/11/20,5/25/20,14232,476,8867,303,5365,173,,,3/25/20,5/13/20,3/18/20,,3/17/20,,3/17/20,,3/25/20,4/29/20
Wyoming,4/19/20,4/19/20,4/19/20,4/21/20,4/21/20,4/21/20,4/21/20,4/21/20,4/21/20,2453,105,1384,60,1069,45,,,,,3/19/20,,3/20/20,,3/19/20,,,